QStation1ID,QStation2ID,Departure-Timestamp,Arrival-Timestamp,Measurement-Timestamp,Price,Station1ID,Station2ID,Station1Name,Station2Name,TransfersNeeded
8000105,8010085,1531718160,1531733760,1521402119,24.90,8000105,8010085,Frankfurt(Main)Hbf,Dresden Hbf,0
8000105,8010085,1531721640,1531732140,1521402119,24.90,8000105,8010085,Frankfurt(Main)Hbf,Dresden Hbf,1
8000105,8010085,1531743180,1531753740,1521402119,24.90,8000105,8010085,Frankfurt(Main)Hbf,Dresden Hbf,1
8000105,8010085,1531747200,1531762560,1521402119,24.90,8000105,8010085,Frankfurt(Main)Hbf,Dresden Hbf,0
8000105,8010085,1531757640,1531768140,1521402119,24.90,8000105,8010085,Frankfurt(Main)Hbf,Dresden Hbf,1
8000105,8010085,1531753320,1531762980,1521402119,29.90,8000105,8010085,Frankfurt(Main)Hbf,Dresden Hbf,2
8000105,8010085,1531754400,1531769760,1521402119,29.90,8000105,8010085,Frankfurt(Main)Hbf,Dresden Hbf,0
8000105,8010085,1531764840,1531776180,1521402119,29.90,8000105,8010085,Frankfurt(Main)Hbf,Dresden Hbf,1
8000105,8010085,1531765320,1531772880,1521402119,29.90,8000105,8010085,Frankfurt(Main)Hbf,Dresden Hbf,2
8000105,8010085,1531768740,1531777080,1521402119,29.90,8000105,8010085,Frankfurt(Main)Hbf,Dresden Hbf,3
8000105,8010085,1531702140,1531710900,1521402119,47.90,8000105,8010085,Frankfurt(Main)Hbf,Dresden Hbf,2
8000105,8010085,1531725600,1531740960,1521402119,47.90,8000105,8010085,Frankfurt(Main)Hbf,Dresden Hbf,0
8000105,8010085,1531728840,1531739340,1521402119,53.90,8000105,8010085,Frankfurt(Main)Hbf,Dresden Hbf,1
8000105,8010085,1531732740,1531748160,1521402119,53.90,8000105,8010085,Frankfurt(Main)Hbf,Dresden Hbf,0
8000105,8010085,1531736040,1531746540,1521402119,53.90,8000105,8010085,Frankfurt(Main)Hbf,Dresden Hbf,1
8000105,8010085,1531750380,1531760940,1521402119,53.90,8000105,8010085,Frankfurt(Main)Hbf,Dresden Hbf,1
8000105,8010085,1531739940,1531755360,1521402119,71.90,8000105,8010085,Frankfurt(Main)Hbf,Dresden Hbf,0
8000105,8010085,1531714440,1531724940,1521402119,19.90,8000105,8010085,Frankfurt(Main)Hbf,Dresden Hbf,1
8000105,8010085,1531761540,1531776960,1521402119,19.90,8000105,8010085,Frankfurt(Main)Hbf,Dresden Hbf,0
8000105,8010085,1531800840,1531811340,1521402124,19.90,8000105,8010085,Frankfurt(Main)Hbf,Dresden Hbf,1
8000105,8010085,1531804560,1531820160,1521402124,19.90,8000105,8010085,Frankfurt(Main)Hbf,Dresden Hbf,0
8000105,8010085,1531808040,1531818540,1521402124,19.90,8000105,8010085,Frankfurt(Main)Hbf,Dresden Hbf,1
8000105,8010085,1531812000,1531827360,1521402124,19.90,8000105,8010085,Frankfurt(Main)Hbf,Dresden Hbf,0
8000105,8010085,1531833600,1531848960,1521402124,19.90,8000105,8010085,Frankfurt(Main)Hbf,Dresden Hbf,0
8000105,8010085,1531815240,1531825740,1521402124,24.90,8000105,8010085,Frankfurt(Main)Hbf,Dresden Hbf,1
8000105,8010085,1531819140,1531834560,1521402124,24.90,8000105,8010085,Frankfurt(Main)Hbf,Dresden Hbf,0
8000105,8010085,1531826340,1531841760,1521402124,24.90,8000105,8010085,Frankfurt(Main)Hbf,Dresden Hbf,0
8000105,8010085,1531829580,1531840140,1521402124,24.90,8000105,8010085,Frankfurt(Main)Hbf,Dresden Hbf,1
8000105,8010085,1531836780,1531847340,1521402124,24.90,8000105,8010085,Frankfurt(Main)Hbf,Dresden Hbf,1
8000105,8010085,1531840800,1531856160,1521402124,24.90,8000105,8010085,Frankfurt(Main)Hbf,Dresden Hbf,0
8000105,8010085,1531844040,1531854540,1521402124,24.90,8000105,8010085,Frankfurt(Main)Hbf,Dresden Hbf,1
8000105,8010085,1531847940,1531863360,1521402124,24.90,8000105,8010085,Frankfurt(Main)Hbf,Dresden Hbf,0
8000105,8010085,1531839720,1531849380,1521402124,29.90,8000105,8010085,Frankfurt(Main)Hbf,Dresden Hbf,2
8000105,8010085,1531851240,1531862580,1521402124,29.90,8000105,8010085,Frankfurt(Main)Hbf,Dresden Hbf,1
8000105,8010085,1531851720,1531859280,1521402124,29.90,8000105,8010085,Frankfurt(Main)Hbf,Dresden Hbf,2
8000105,8010085,1531855140,1531863480,1521402124,29.90,8000105,8010085,Frankfurt(Main)Hbf,Dresden Hbf,3
8000105,8010085,1531822440,1531832940,1521402124,35.90,8000105,8010085,Frankfurt(Main)Hbf,Dresden Hbf,1
8000105,8010085,1531788540,1531797300,1521402124,39.90,8000105,8010085,Frankfurt(Main)Hbf,Dresden Hbf,2
8000105,8010085,1531894440,1531904940,1521402130,29.90,8000105,8010085,Frankfurt(Main)Hbf,Dresden Hbf,1
8000105,8010085,1531905540,1531920960,1521402130,29.90,8000105,8010085,Frankfurt(Main)Hbf,Dresden Hbf,0
8000105,8010085,1531930440,1531940940,1521402130,29.90,8000105,8010085,Frankfurt(Main)Hbf,Dresden Hbf,1
8000105,8010085,1531934340,1531949760,1521402130,29.90,8000105,8010085,Frankfurt(Main)Hbf,Dresden Hbf,0
8000105,8010085,1531937640,1531948980,1521402130,29.90,8000105,8010085,Frankfurt(Main)Hbf,Dresden Hbf,1
8000105,8010085,1531938120,1531945680,1521402130,29.90,8000105,8010085,Frankfurt(Main)Hbf,Dresden Hbf,2
8000105,8010085,1531941540,1531949880,1521402130,29.90,8000105,8010085,Frankfurt(Main)Hbf,Dresden Hbf,3
8000105,8010085,1531874940,1531883700,1521402130,39.90,8000105,8010085,Frankfurt(Main)Hbf,Dresden Hbf,2
8000105,8010085,1531915980,1531926540,1521402130,53.90,8000105,8010085,Frankfurt(Main)Hbf,Dresden Hbf,1
8000105,8010085,1531926120,1531935780,1521402130,53.90,8000105,8010085,Frankfurt(Main)Hbf,Dresden Hbf,2
8000105,8010085,1531912740,1531928160,1521402130,71.90,8000105,8010085,Frankfurt(Main)Hbf,Dresden Hbf,0
8000105,8010085,1531923180,1531933740,1521402130,79.90,8000105,8010085,Frankfurt(Main)Hbf,Dresden Hbf,1
8000105,8010085,1531927200,1531942560,1521402130,79.90,8000105,8010085,Frankfurt(Main)Hbf,Dresden Hbf,0
8000105,8010085,1531887240,1531897740,1521402130,19.90,8000105,8010085,Frankfurt(Main)Hbf,Dresden Hbf,1
8000105,8010085,1531890960,1531906560,1521402130,19.90,8000105,8010085,Frankfurt(Main)Hbf,Dresden Hbf,0
8000105,8010085,1531898400,1531913760,1521402130,24.90,8000105,8010085,Frankfurt(Main)Hbf,Dresden Hbf,0
8000105,8010085,1531908840,1531919340,1521402130,24.90,8000105,8010085,Frankfurt(Main)Hbf,Dresden Hbf,1
8000105,8010085,1531920000,1531935360,1521402130,24.90,8000105,8010085,Frankfurt(Main)Hbf,Dresden Hbf,0
8000105,8010085,1531901640,1531912140,1521402130,29.90,8000105,8010085,Frankfurt(Main)Hbf,Dresden Hbf,1
8000105,8010085,1531980840,1531991340,1521402135,24.90,8000105,8010085,Frankfurt(Main)Hbf,Dresden Hbf,1
8000105,8010085,1531961340,1531970100,1521402135,39.90,8000105,8010085,Frankfurt(Main)Hbf,Dresden Hbf,2
8000105,8010085,1531995240,1532005740,1521402135,47.90,8000105,8010085,Frankfurt(Main)Hbf,Dresden Hbf,1
8000105,8010085,1532009580,1532020140,1521402135,79.90,8000105,8010085,Frankfurt(Main)Hbf,Dresden Hbf,1
8000105,8010085,1532012520,1532022180,1521402135,79.90,8000105,8010085,Frankfurt(Main)Hbf,Dresden Hbf,2
8000105,8010085,1532020740,1532036160,1521402135,79.90,8000105,8010085,Frankfurt(Main)Hbf,Dresden Hbf,0
8000105,8010085,1531999140,1532014560,1521402135,89.90,8000105,8010085,Frankfurt(Main)Hbf,Dresden Hbf,0
8000105,8010085,1532013600,1532028960,1521402135,89.90,8000105,8010085,Frankfurt(Main)Hbf,Dresden Hbf,0
8000105,8010085,1532016840,1532027340,1521402135,89.90,8000105,8010085,Frankfurt(Main)Hbf,Dresden Hbf,1
8000105,8010085,1531984800,1532000160,1521402135,71.90,8000105,8010085,Frankfurt(Main)Hbf,Dresden Hbf,0
8000105,8010085,1531991940,1532007360,1521402135,71.90,8000105,8010085,Frankfurt(Main)Hbf,Dresden Hbf,0
8000105,8010085,1532006400,1532021760,1521402135,71.90,8000105,8010085,Frankfurt(Main)Hbf,Dresden Hbf,0
8000105,8010085,1531973640,1531984140,1521402135,19.90,8000105,8010085,Frankfurt(Main)Hbf,Dresden Hbf,1
8000105,8010085,1531977360,1531992960,1521402135,29.90,8000105,8010085,Frankfurt(Main)Hbf,Dresden Hbf,0
8000105,8010085,1532024040,1532035380,1521402135,29.90,8000105,8010085,Frankfurt(Main)Hbf,Dresden Hbf,1
8000105,8010085,1532024520,1532032080,1521402135,29.90,8000105,8010085,Frankfurt(Main)Hbf,Dresden Hbf,2
8000105,8010085,1532027940,1532036280,1521402135,29.90,8000105,8010085,Frankfurt(Main)Hbf,Dresden Hbf,3
8000105,8010085,1531988040,1531998540,1521402135,53.90,8000105,8010085,Frankfurt(Main)Hbf,Dresden Hbf,1
8000105,8010085,1532002380,1532012940,1521402135,59.90,8000105,8010085,Frankfurt(Main)Hbf,Dresden Hbf,1
8000105,8010085,1532060040,1532070540,1521402140,19.90,8000105,8010085,Frankfurt(Main)Hbf,Dresden Hbf,1
8000105,8010085,1532107140,1532122560,1521402140,19.90,8000105,8010085,Frankfurt(Main)Hbf,Dresden Hbf,0
8000105,8010085,1532114340,1532125380,1521402140,29.90,8000105,8010085,Frankfurt(Main)Hbf,Dresden Hbf,1
8000105,8010085,1532074440,1532084940,1521402140,35.90,8000105,8010085,Frankfurt(Main)Hbf,Dresden Hbf,1
8000105,8010085,1532103240,1532113740,1521402140,59.90,8000105,8010085,Frankfurt(Main)Hbf,Dresden Hbf,1
8000105,8010085,1532088780,1532099340,1521402140,89.90,8000105,8010085,Frankfurt(Main)Hbf,Dresden Hbf,1
8000105,8010085,1532095980,1532106540,1521402140,89.90,8000105,8010085,Frankfurt(Main)Hbf,Dresden Hbf,1
8000105,8010085,1532063760,1532079360,1521402140,24.90,8000105,8010085,Frankfurt(Main)Hbf,Dresden Hbf,0
8000105,8010085,1532067240,1532077740,1521402140,24.90,8000105,8010085,Frankfurt(Main)Hbf,Dresden Hbf,1
8000105,8010085,1532078340,1532093760,1521402140,24.90,8000105,8010085,Frankfurt(Main)Hbf,Dresden Hbf,0
8000105,8010085,1532047740,1532056500,1521402140,39.90,8000105,8010085,Frankfurt(Main)Hbf,Dresden Hbf,2
8000105,8010085,1532071200,1532086560,1521402140,47.90,8000105,8010085,Frankfurt(Main)Hbf,Dresden Hbf,0
8000105,8010085,1532081640,1532092140,1521402140,71.90,8000105,8010085,Frankfurt(Main)Hbf,Dresden Hbf,1
8000105,8010085,1532098920,1532108580,1521402140,71.90,8000105,8010085,Frankfurt(Main)Hbf,Dresden Hbf,2
8000105,8010085,1532085540,1532100960,1521402140,79.90,8000105,8010085,Frankfurt(Main)Hbf,Dresden Hbf,0
8000105,8010085,1532092800,1532108160,1521402140,79.90,8000105,8010085,Frankfurt(Main)Hbf,Dresden Hbf,0
8000105,8010085,1532100000,1532115360,1521402140,79.90,8000105,8010085,Frankfurt(Main)Hbf,Dresden Hbf,0
8000105,8010085,1532134140,1532145780,1521402143,29.90,8000105,8010085,Frankfurt(Main)Hbf,Dresden Hbf,2
8000105,8010085,1532134140,1532142900,1521402143,29.90,8000105,8010085,Frankfurt(Main)Hbf,Dresden Hbf,1
8000105,8010085,1532146440,1532156940,1521402143,29.90,8000105,8010085,Frankfurt(Main)Hbf,Dresden Hbf,1
8000105,8010085,1532171940,1532187360,1521402143,29.90,8000105,8010085,Frankfurt(Main)Hbf,Dresden Hbf,0
8000105,8010085,1532182380,1532192940,1521402143,29.90,8000105,8010085,Frankfurt(Main)Hbf,Dresden Hbf,1
8000105,8010085,1532186400,1532201760,1521402143,29.90,8000105,8010085,Frankfurt(Main)Hbf,Dresden Hbf,0
8000105,8010085,1532189640,1532200140,1521402143,29.90,8000105,8010085,Frankfurt(Main)Hbf,Dresden Hbf,1
8000105,8010085,1532196840,1532208180,1521402143,29.90,8000105,8010085,Frankfurt(Main)Hbf,Dresden Hbf,2
8000105,8010085,1532196840,1532208180,1521402143,29.90,8000105,8010085,Frankfurt(Main)Hbf,Dresden Hbf,1
8000105,8010085,1532190120,1532194320,1521402143,33.90,8000105,8010085,Frankfurt(Main)Hbf,Dresden Hbf,3
8000105,8010085,1532150160,1532165760,1521402143,35.90,8000105,8010085,Frankfurt(Main)Hbf,Dresden Hbf,0
8000105,8010085,1532164740,1532180160,1521402143,39.90,8000105,8010085,Frankfurt(Main)Hbf,Dresden Hbf,0
8000105,8010085,1532175180,1532185740,1521402143,39.90,8000105,8010085,Frankfurt(Main)Hbf,Dresden Hbf,1
8000105,8010085,1532179200,1532194560,1521402143,47.90,8000105,8010085,Frankfurt(Main)Hbf,Dresden Hbf,0
8000105,8010085,1532153640,1532164140,1521402143,53.90,8000105,8010085,Frankfurt(Main)Hbf,Dresden Hbf,1
8000105,8010085,1532157600,1532172960,1521402143,53.90,8000105,8010085,Frankfurt(Main)Hbf,Dresden Hbf,0
8000105,8010085,1532160840,1532171340,1521402143,53.90,8000105,8010085,Frankfurt(Main)Hbf,Dresden Hbf,1
8000105,8010085,1532168040,1532178540,1521402143,53.90,8000105,8010085,Frankfurt(Main)Hbf,Dresden Hbf,1
8000105,8010085,1532236560,1532252160,1521402147,19.90,8000105,8010085,Frankfurt(Main)Hbf,Dresden Hbf,0
8000105,8010085,1532247240,1532257740,1521402147,24.90,8000105,8010085,Frankfurt(Main)Hbf,Dresden Hbf,1
8000105,8010085,1532279940,1532295360,1521402147,24.90,8000105,8010085,Frankfurt(Main)Hbf,Dresden Hbf,0
8000105,8010085,1532220540,1532232180,1521402147,29.90,8000105,8010085,Frankfurt(Main)Hbf,Dresden Hbf,2
8000105,8010085,1532244000,1532259360,1521402147,71.90,8000105,8010085,Frankfurt(Main)Hbf,Dresden Hbf,0
8000105,8010085,1532261580,1532272140,1521402147,71.90,8000105,8010085,Frankfurt(Main)Hbf,Dresden Hbf,1
8000105,8010085,1532276040,1532286540,1521402147,71.90,8000105,8010085,Frankfurt(Main)Hbf,Dresden Hbf,1
8000105,8010085,1532240040,1532250540,1521402147,29.90,8000105,8010085,Frankfurt(Main)Hbf,Dresden Hbf,1
8000105,8010085,1532265600,1532280960,1521402147,29.90,8000105,8010085,Frankfurt(Main)Hbf,Dresden Hbf,0
8000105,8010085,1532272800,1532288160,1521402147,29.90,8000105,8010085,Frankfurt(Main)Hbf,Dresden Hbf,0
8000105,8010085,1532287140,1532298180,1521402147,29.90,8000105,8010085,Frankfurt(Main)Hbf,Dresden Hbf,1
8000105,8010085,1532258340,1532273760,1521402147,35.90,8000105,8010085,Frankfurt(Main)Hbf,Dresden Hbf,0
8000105,8010085,1532220540,1532238660,1521402147,35.90,8000105,8010085,Frankfurt(Main)Hbf,Dresden Hbf,1
8000105,8010085,1532251140,1532266560,1521402147,47.90,8000105,8010085,Frankfurt(Main)Hbf,Dresden Hbf,0
8000105,8010085,1532268780,1532279340,1521402147,47.90,8000105,8010085,Frankfurt(Main)Hbf,Dresden Hbf,1
8000105,8010085,1532254440,1532264940,1521402147,53.90,8000105,8010085,Frankfurt(Main)Hbf,Dresden Hbf,1
8000105,8010085,1532271720,1532281380,1521402147,53.90,8000105,8010085,Frankfurt(Main)Hbf,Dresden Hbf,2
8098160,8000261,1531719480,1531731120,1521402314,47.90,8098160,8000261,Berlin Hbf (tief),München Hbf,1
8098160,8000261,1531719480,1531737720,1521402314,47.90,8098160,8000261,Berlin Hbf (tief),München Hbf,0
8098160,8000261,1531722600,1531738920,1521402314,67.90,8098160,8000261,Berlin Hbf (tief),München Hbf,0
8098160,8000261,1531722600,1531732500,1521402314,67.90,8098160,8000261,Berlin Hbf (tief),München Hbf,2
8098160,8000261,1531712040,1531723920,1521402314,19.90,8098160,8000261,Berlin Hbf (tief),München Hbf,1
8098160,8000261,1531715400,1531731720,1521402314,19.90,8098160,8000261,Berlin Hbf (tief),München Hbf,0
8098160,8000261,1531751400,1531767960,1521402314,19.90,8098160,8000261,Berlin Hbf (tief),München Hbf,0
8098160,8000261,1531758600,1531774980,1521402314,19.90,8098160,8000261,Berlin Hbf (tief),München Hbf,0
8098160,8000261,1531762080,1531779720,1521402314,19.90,8098160,8000261,Berlin Hbf (tief),München Hbf,0
8098160,8000261,1531737000,1531754220,1521402314,29.90,8098160,8000261,Berlin Hbf (tief),München Hbf,0
8098160,8000261,1531744200,1531760760,1521402314,29.90,8098160,8000261,Berlin Hbf (tief),München Hbf,0
8098160,8000261,1531746240,1531752480,1521402314,29.90,8098160,8000261,Berlin Hbf (tief),München Hbf,1
8098160,8000261,1531748220,1531764180,1521402314,29.90,8098160,8000261,Berlin Hbf (tief),München Hbf,0
8098160,8000261,1531751400,1531761300,1521402314,29.90,8098160,8000261,Berlin Hbf (tief),München Hbf,2
8098160,8000261,1531753440,1531759680,1521402314,29.90,8098160,8000261,Berlin Hbf (tief),München Hbf,2
8098160,8000261,1531757100,1531771380,1521402314,29.90,8098160,8000261,Berlin Hbf (tief),München Hbf,0
8098160,8000261,1531708200,1531725660,1521402314,59.90,8098160,8000261,Berlin Hbf (tief),München Hbf,0
8098160,8000261,1531713720,1531728240,1521402314,115.90,8098160,8000261,Berlin Hbf (tief),München Hbf,0
8098160,8000261,1531729800,1531742040,1521402314,115.90,8098160,8000261,Berlin Hbf (tief),München Hbf,1
8098160,8000261,1531729800,1531748520,1521402314,115.90,8098160,8000261,Berlin Hbf (tief),München Hbf,0
8098160,8000261,1531735500,1531750020,1521402314,115.90,8098160,8000261,Berlin Hbf (tief),München Hbf,0
8098160,8000261,1531769280,1531805520,1521402314,139.90,8098160,8000261,Berlin Hbf (tief),München Hbf,0
8098160,8000261,1531762440,1531772100,1521402314,24.90,8098160,8000261,Berlin Hbf (tief),München Hbf,2
8098160,8000261,1531726620,1531742760,1521402314,37.90,8098160,8000261,Berlin Hbf (tief),München Hbf,0
8098160,8000261,1531741020,1531759380,1521402314,37.90,8098160,8000261,Berlin Hbf (tief),München Hbf,0
8098160,8000261,1531741020,1531752720,1521402314,37.90,8098160,8000261,Berlin Hbf (tief),München Hbf,1
8098160,8000261,1531798440,1531810320,1521402318,19.90,8098160,8000261,Berlin Hbf (tief),München Hbf,1
8098160,8000261,1531801800,1531818120,1521402318,19.90,8098160,8000261,Berlin Hbf (tief),München Hbf,0
8098160,8000261,1531805880,1531817520,1521402318,19.90,8098160,8000261,Berlin Hbf (tief),München Hbf,1
8098160,8000261,1531805880,1531824120,1521402318,19.90,8098160,8000261,Berlin Hbf (tief),München Hbf,0
8098160,8000261,1531813020,1531829160,1521402318,19.90,8098160,8000261,Berlin Hbf (tief),München Hbf,0
8098160,8000261,1531823400,1531840620,1521402318,19.90,8098160,8000261,Berlin Hbf (tief),München Hbf,0
8098160,8000261,1531845000,1531861380,1521402318,19.90,8098160,8000261,Berlin Hbf (tief),München Hbf,0
8098160,8000261,1531848480,1531866120,1521402318,19.90,8098160,8000261,Berlin Hbf (tief),München Hbf,0
8098160,8000261,1531830600,1531847160,1521402318,24.90,8098160,8000261,Berlin Hbf (tief),München Hbf,0
8098160,8000261,1531834620,1531850580,1521402318,24.90,8098160,8000261,Berlin Hbf (tief),München Hbf,0
8098160,8000261,1531837800,1531854360,1521402318,24.90,8098160,8000261,Berlin Hbf (tief),München Hbf,0
8098160,8000261,1531827420,1531845780,1521402318,29.90,8098160,8000261,Berlin Hbf (tief),München Hbf,0
8098160,8000261,1531827420,1531839120,1521402318,29.90,8098160,8000261,Berlin Hbf (tief),München Hbf,1
8098160,8000261,1531832640,1531838880,1521402318,29.90,8098160,8000261,Berlin Hbf (tief),München Hbf,1
8098160,8000261,1531837800,1531847700,1521402318,29.90,8098160,8000261,Berlin Hbf (tief),München Hbf,2
8098160,8000261,1531843500,1531857780,1521402318,29.90,8098160,8000261,Berlin Hbf (tief),München Hbf,0
8098160,8000261,1531848840,1531858500,1521402318,29.90,8098160,8000261,Berlin Hbf (tief),München Hbf,2
8098160,8000261,1531794600,1531812060,1521402318,67.90,8098160,8000261,Berlin Hbf (tief),München Hbf,0
8098160,8000261,1531800120,1531814640,1521402318,67.90,8098160,8000261,Berlin Hbf (tief),München Hbf,0
8098160,8000261,1531809000,1531825320,1521402318,67.90,8098160,8000261,Berlin Hbf (tief),München Hbf,0
8098160,8000261,1531809000,1531818900,1521402318,67.90,8098160,8000261,Berlin Hbf (tief),München Hbf,2
8098160,8000261,1531816200,1531828440,1521402318,67.90,8098160,8000261,Berlin Hbf (tief),München Hbf,1
8098160,8000261,1531816200,1531834920,1521402318,67.90,8098160,8000261,Berlin Hbf (tief),München Hbf,0
8098160,8000261,1531821900,1531836420,1521402318,95.90,8098160,8000261,Berlin Hbf (tief),München Hbf,0
8098160,8000261,1531839840,1531846080,1521402318,95.90,8098160,8000261,Berlin Hbf (tief),München Hbf,2
8098160,8000261,1531855680,1531891920,1521402318,139.90,8098160,8000261,Berlin Hbf (tief),München Hbf,0
8098160,8000261,1531913820,1531932180,1521402322,37.90,8098160,8000261,Berlin Hbf (tief),München Hbf,0
8098160,8000261,1531913820,1531925520,1521402322,37.90,8098160,8000261,Berlin Hbf (tief),München Hbf,1
8098160,8000261,1531917000,1531933560,1521402322,67.90,8098160,8000261,Berlin Hbf (tief),München Hbf,0
8098160,8000261,1531919040,1531925280,1521402322,115.90,8098160,8000261,Berlin Hbf (tief),München Hbf,1
8098160,8000261,1531884840,1531896720,1521402322,19.90,8098160,8000261,Berlin Hbf (tief),München Hbf,1
8098160,8000261,1531888200,1531904520,1521402322,19.90,8098160,8000261,Berlin Hbf (tief),München Hbf,0
8098160,8000261,1531931400,1531947780,1521402322,19.90,8098160,8000261,Berlin Hbf (tief),München Hbf,0
8098160,8000261,1531934880,1531952520,1521402322,19.90,8098160,8000261,Berlin Hbf (tief),München Hbf,0
8098160,8000261,1531881000,1531898460,1521402322,29.90,8098160,8000261,Berlin Hbf (tief),München Hbf,0
8098160,8000261,1531895400,1531911720,1521402322,29.90,8098160,8000261,Berlin Hbf (tief),München Hbf,0
8098160,8000261,1531895400,1531905300,1521402322,29.90,8098160,8000261,Berlin Hbf (tief),München Hbf,2
8098160,8000261,1531926240,1531932480,1521402322,29.90,8098160,8000261,Berlin Hbf (tief),München Hbf,2
8098160,8000261,1531929900,1531944180,1521402322,29.90,8098160,8000261,Berlin Hbf (tief),München Hbf,0
8098160,8000261,1531935240,1531944900,1521402322,29.90,8098160,8000261,Berlin Hbf (tief),München Hbf,2
8098160,8000261,1531886520,1531901040,1521402322,53.90,8098160,8000261,Berlin Hbf (tief),München Hbf,0
8098160,8000261,1531902600,1531914840,1521402322,95.90,8098160,8000261,Berlin Hbf (tief),München Hbf,1
8098160,8000261,1531902600,1531921320,1521402322,95.90,8098160,8000261,Berlin Hbf (tief),München Hbf,0
8098160,8000261,1531908300,1531922820,1521402322,95.90,8098160,8000261,Berlin Hbf (tief),München Hbf,0
8098160,8000261,1531924200,1531940760,1521402322,95.90,8098160,8000261,Berlin Hbf (tief),München Hbf,0
8098160,8000261,1531924200,1531934100,1521402322,95.90,8098160,8000261,Berlin Hbf (tief),München Hbf,2
8098160,8000261,1531942080,1531978320,1521402322,150.00,8098160,8000261,Berlin Hbf (tief),München Hbf,0
8098160,8000261,1531892280,1531903920,1521402322,24.90,8098160,8000261,Berlin Hbf (tief),München Hbf,1
8098160,8000261,1531892280,1531910520,1521402322,24.90,8098160,8000261,Berlin Hbf (tief),München Hbf,0
8098160,8000261,1531899420,1531915560,1521402322,24.90,8098160,8000261,Berlin Hbf (tief),München Hbf,0
8098160,8000261,1531909800,1531927020,1521402322,24.90,8098160,8000261,Berlin Hbf (tief),München Hbf,0
8098160,8000261,1531921020,1531936980,1521402322,24.90,8098160,8000261,Berlin Hbf (tief),München Hbf,0
8098160,8000261,1531985820,1532001960,1521402326,47.90,8098160,8000261,Berlin Hbf (tief),München Hbf,0
8098160,8000261,1531981800,1531998120,1521402326,79.90,8098160,8000261,Berlin Hbf (tief),München Hbf,0
8098160,8000261,1531981800,1531991700,1521402326,79.90,8098160,8000261,Berlin Hbf (tief),München Hbf,2
8098160,8000261,1531994700,1532009220,1521402326,115.90,8098160,8000261,Berlin Hbf (tief),München Hbf,0
8098160,8000261,1532003400,1532019960,1521402326,115.90,8098160,8000261,Berlin Hbf (tief),München Hbf,0
8098160,8000261,1532010600,1532027160,1521402326,115.90,8098160,8000261,Berlin Hbf (tief),München Hbf,0
8098160,8000261,1532010600,1532020500,1521402326,115.90,8098160,8000261,Berlin Hbf (tief),München Hbf,2
8098160,8000261,1532012640,1532018880,1521402326,115.90,8098160,8000261,Berlin Hbf (tief),München Hbf,2
8098160,8000261,1532016300,1532030580,1521402326,115.90,8098160,8000261,Berlin Hbf (tief),München Hbf,0
8098160,8000261,1531989000,1532001240,1521402326,150.00,8098160,8000261,Berlin Hbf (tief),München Hbf,1
8098160,8000261,1531989000,1532007720,1521402326,150.00,8098160,8000261,Berlin Hbf (tief),München Hbf,0
8098160,8000261,1532028480,1532064720,1521402326,150.00,8098160,8000261,Berlin Hbf (tief),München Hbf,0
8098160,8000261,1532005440,1532011680,1521402326,95.90,8098160,8000261,Berlin Hbf (tief),München Hbf,1
8098160,8000261,1531971240,1531983120,1521402326,19.90,8098160,8000261,Berlin Hbf (tief),München Hbf,1
8098160,8000261,1531974600,1531990920,1521402326,19.90,8098160,8000261,Berlin Hbf (tief),München Hbf,0
8098160,8000261,1531978680,1531990320,1521402326,24.90,8098160,8000261,Berlin Hbf (tief),München Hbf,1
8098160,8000261,1531978680,1531996920,1521402326,24.90,8098160,8000261,Berlin Hbf (tief),München Hbf,0
8098160,8000261,1532021280,1532038920,1521402326,24.90,8098160,8000261,Berlin Hbf (tief),München Hbf,0
8098160,8000261,1532017800,1532034180,1521402326,29.90,8098160,8000261,Berlin Hbf (tief),München Hbf,0
8098160,8000261,1532021640,1532031300,1521402326,29.90,8098160,8000261,Berlin Hbf (tief),München Hbf,2
8098160,8000261,1531967400,1531984860,1521402326,37.90,8098160,8000261,Berlin Hbf (tief),München Hbf,0
8098160,8000261,1531996200,1532013420,1521402326,37.90,8098160,8000261,Berlin Hbf (tief),München Hbf,0
8098160,8000261,1532000220,1532011920,1521402326,37.90,8098160,8000261,Berlin Hbf (tief),München Hbf,1
8098160,8000261,1532000220,1532018580,1521402326,59.90,8098160,8000261,Berlin Hbf (tief),München Hbf,0
8098160,8000261,1532007420,1532023380,1521402326,59.90,8098160,8000261,Berlin Hbf (tief),München Hbf,0
8098160,8000261,1531972920,1531987440,1521402326,67.90,8098160,8000261,Berlin Hbf (tief),München Hbf,0
8098160,8000261,1532108040,1532117700,1521402334,49.90,8098160,8000261,Berlin Hbf (tief),München Hbf,2
8098160,8000261,1532114880,1532151120,1521402334,49.90,8098160,8000261,Berlin Hbf (tief),München Hbf,0
8098160,8000261,1532095500,1532112060,1521402334,59.90,8098160,8000261,Berlin Hbf (tief),München Hbf,0
8098160,8000261,1532097000,1532113560,1521402334,115.90,8098160,8000261,Berlin Hbf (tief),München Hbf,0
8098160,8000261,1532097000,1532106900,1521402334,115.90,8098160,8000261,Berlin Hbf (tief),München Hbf,2
8098160,8000261,1532081100,1532095620,1521402334,139.90,8098160,8000261,Berlin Hbf (tief),München Hbf,0
8098160,8000261,1532091840,1532098080,1521402334,139.90,8098160,8000261,Berlin Hbf (tief),München Hbf,1
8098160,8000261,1532075400,1532087640,1521402334,154.50,8098160,8000261,Berlin Hbf (tief),München Hbf,1
8098160,8000261,1532075400,1532094120,1521402334,154.50,8098160,8000261,Berlin Hbf (tief),München Hbf,0
8098160,8000261,1532089800,1532106360,1521402334,154.50,8098160,8000261,Berlin Hbf (tief),München Hbf,0
8098160,8000261,1532059320,1532073840,1521402334,29.90,8098160,8000261,Berlin Hbf (tief),München Hbf,0
8098160,8000261,1532107680,1532125320,1521402334,29.90,8098160,8000261,Berlin Hbf (tief),München Hbf,0
8098160,8000261,1532072220,1532088360,1521402334,37.90,8098160,8000261,Berlin Hbf (tief),München Hbf,0
8098160,8000261,1532082600,1532099820,1521402334,37.90,8098160,8000261,Berlin Hbf (tief),München Hbf,0
8098160,8000261,1532104200,1532120580,1521402334,37.90,8098160,8000261,Berlin Hbf (tief),München Hbf,0
8098160,8000261,1532068200,1532084520,1521402334,47.90,8098160,8000261,Berlin Hbf (tief),München Hbf,0
8098160,8000261,1532068200,1532078100,1521402334,47.90,8098160,8000261,Berlin Hbf (tief),München Hbf,2
8098160,8000261,1532086620,1532104980,1521402334,47.90,8098160,8000261,Berlin Hbf (tief),München Hbf,0
8098160,8000261,1532086620,1532098320,1521402334,47.90,8098160,8000261,Berlin Hbf (tief),München Hbf,1
8098160,8000261,1532057640,1532069520,1521402334,19.90,8098160,8000261,Berlin Hbf (tief),München Hbf,1
8098160,8000261,1532061000,1532077320,1521402334,19.90,8098160,8000261,Berlin Hbf (tief),München Hbf,0
8098160,8000261,1532053800,1532071260,1521402334,24.90,8098160,8000261,Berlin Hbf (tief),München Hbf,0
8098160,8000261,1532065080,1532076720,1521402334,24.90,8098160,8000261,Berlin Hbf (tief),München Hbf,1
8098160,8000261,1532065080,1532083320,1521402334,24.90,8098160,8000261,Berlin Hbf (tief),München Hbf,0
8098160,8000261,1532093820,1532109780,1521402334,53.90,8098160,8000261,Berlin Hbf (tief),München Hbf,0
8098160,8000261,1532099040,1532105280,1521402334,79.90,8098160,8000261,Berlin Hbf (tief),München Hbf,2
8098160,8000261,1532102700,1532116980,1521402334,79.90,8098160,8000261,Berlin Hbf (tief),München Hbf,0
8098160,8000261,1532160300,1532177100,1521402339,59.90,8098160,8000261,Berlin Hbf (tief),München Hbf,0
8098160,8000261,1532201280,1532237520,1521402339,59.90,8098160,8000261,Berlin Hbf (tief),München Hbf,0
8098160,8000261,1532145720,1532160240,1521402339,67.90,8098160,8000261,Berlin Hbf (tief),München Hbf,0
8098160,8000261,1532147400,1532163720,1521402339,67.90,8098160,8000261,Berlin Hbf (tief),München Hbf,0
8098160,8000261,1532154600,1532170920,1521402339,67.90,8098160,8000261,Berlin Hbf (tief),München Hbf,0
8098160,8000261,1532154600,1532164500,1521402339,67.90,8098160,8000261,Berlin Hbf (tief),München Hbf,2
8098160,8000261,1532176200,1532192760,1521402339,67.90,8098160,8000261,Berlin Hbf (tief),München Hbf,0
8098160,8000261,1532161800,1532174040,1521402339,95.90,8098160,8000261,Berlin Hbf (tief),München Hbf,1
8098160,8000261,1532161800,1532180520,1521402339,95.90,8098160,8000261,Berlin Hbf (tief),München Hbf,0
8098160,8000261,1532167500,1532182020,1521402339,95.90,8098160,8000261,Berlin Hbf (tief),München Hbf,0
8098160,8000261,1532190600,1532206980,1521402339,95.90,8098160,8000261,Berlin Hbf (tief),München Hbf,0
8098160,8000261,1532151480,1532163120,1521402339,115.90,8098160,8000261,Berlin Hbf (tief),München Hbf,1
8098160,8000261,1532183400,1532199960,1521402339,145.50,8098160,8000261,Berlin Hbf (tief),München Hbf,0
8098160,8000261,1532143680,1532155680,1521402339,37.90,8098160,8000261,Berlin Hbf (tief),München Hbf,1
8098160,8000261,1532151480,1532169720,1521402339,37.90,8098160,8000261,Berlin Hbf (tief),München Hbf,0
8098160,8000261,1532169000,1532186220,1521402339,37.90,8098160,8000261,Berlin Hbf (tief),München Hbf,0
8098160,8000261,1532173020,1532191380,1521402339,37.90,8098160,8000261,Berlin Hbf (tief),München Hbf,0
8098160,8000261,1532173020,1532184720,1521402339,37.90,8098160,8000261,Berlin Hbf (tief),München Hbf,2
8098160,8000261,1532180220,1532196180,1521402339,47.90,8098160,8000261,Berlin Hbf (tief),München Hbf,0
8098160,8000261,1532140200,1532157660,1521402339,53.90,8098160,8000261,Berlin Hbf (tief),München Hbf,0
8098160,8000261,1532158620,1532174760,1521402339,53.90,8098160,8000261,Berlin Hbf (tief),München Hbf,0
8098160,8000261,1532194080,1532211720,1521402339,53.90,8098160,8000261,Berlin Hbf (tief),München Hbf,0
8098160,8000261,1532237880,1532256120,1521402342,19.90,8098160,8000261,Berlin Hbf (tief),München Hbf,0
8098160,8000261,1532253900,1532268420,1521402342,150.00,8098160,8000261,Berlin Hbf (tief),München Hbf,0
8098160,8000261,1532291940,1532298600,1521402342,150.00,8098160,8000261,Berlin Hbf (tief),München Hbf,2
8098160,8000261,1532280480,1532298120,1521402342,37.90,8098160,8000261,Berlin Hbf (tief),München Hbf,0
8098160,8000261,1532233800,1532250120,1521402342,47.90,8098160,8000261,Berlin Hbf (tief),München Hbf,0
8098160,8000261,1532241000,1532257320,1521402342,67.90,8098160,8000261,Berlin Hbf (tief),München Hbf,0
8098160,8000261,1532241000,1532250900,1521402342,67.90,8098160,8000261,Berlin Hbf (tief),München Hbf,2
8098160,8000261,1532268300,1532284860,1521402342,67.90,8098160,8000261,Berlin Hbf (tief),München Hbf,0
8098160,8000261,1532277000,1532293380,1521402342,67.90,8098160,8000261,Berlin Hbf (tief),München Hbf,0
8098160,8000261,1532264640,1532270880,1521402342,79.90,8098160,8000261,Berlin Hbf (tief),München Hbf,1
8098160,8000261,1532266620,1532282580,1521402342,79.90,8098160,8000261,Berlin Hbf (tief),München Hbf,0
8098160,8000261,1532271840,1532278080,1521402342,79.90,8098160,8000261,Berlin Hbf (tief),München Hbf,2
8098160,8000261,1532245020,1532261160,1521402342,53.90,8098160,8000261,Berlin Hbf (tief),München Hbf,0
8098160,8000261,1532255400,1532272620,1521402342,59.90,8098160,8000261,Berlin Hbf (tief),München Hbf,0
8098160,8000261,1532248200,1532266920,1521402342,95.90,8098160,8000261,Berlin Hbf (tief),München Hbf,0
8098160,8000261,1532260980,1532277420,1521402342,95.90,8098160,8000261,Berlin Hbf (tief),München Hbf,0
8098160,8000261,1532262600,1532279160,1521402342,115.90,8098160,8000261,Berlin Hbf (tief),München Hbf,0
8098160,8000261,1532269800,1532286360,1521402342,115.90,8098160,8000261,Berlin Hbf (tief),München Hbf,0
8098160,8000261,1532269800,1532279700,1521402342,115.90,8098160,8000261,Berlin Hbf (tief),München Hbf,2
8098160,8000261,1532248200,1532260440,1521402342,139.90,8098160,8000261,Berlin Hbf (tief),München Hbf,1
8098160,8000261,1532287680,1532323920,1521402342,139.90,8098160,8000261,Berlin Hbf (tief),München Hbf,0
8098160,8000261,1532275500,1532289780,1521402342,145.90,8098160,8000261,Berlin Hbf (tief),München Hbf,0
8098549,8010101,1531724460,1531731600,1521402458,39.90,8002549,8010101,Hamburg Hbf,Erfurt Hbf,2
8098549,8010101,1531738860,1531746060,1521402458,39.90,8002549,8010101,Hamburg Hbf,Erfurt Hbf,2
8098549,8010101,1531719480,1531725660,1521402458,101.90,8002549,8010101,Hamburg Hbf,Erfurt Hbf,1
8098549,8010101,1531722960,1531736940,1521402458,101.90,8002549,8010101,Hamburg Hbf,Erfurt Hbf,0
8098549,8010101,1531726680,1531740480,1521402458,19.90,8002549,8010101,Hamburg Hbf,Erfurt Hbf,0
8098549,8010101,1531744560,1531758540,1521402458,19.90,8002549,8010101,Hamburg Hbf,Erfurt Hbf,0
8098549,8010101,1531748280,1531761840,1521402458,19.90,8002549,8010101,Hamburg Hbf,Erfurt Hbf,0
8098549,8010101,1531751760,1531765740,1521402458,19.90,8002549,8010101,Hamburg Hbf,Erfurt Hbf,0
8098549,8010101,1531758960,1531773180,1521402458,19.90,8002549,8010101,Hamburg Hbf,Erfurt Hbf,0
8098549,8010101,1531770660,1531777980,1521402458,19.90,8002549,8010101,Hamburg Hbf,Erfurt Hbf,1
8098549,8010101,1531748280,1531754460,1521402458,24.90,8002549,8010101,Hamburg Hbf,Erfurt Hbf,1
8098549,8010101,1531751040,1531758900,1521402458,24.90,8002549,8010101,Hamburg Hbf,Erfurt Hbf,2
8098549,8010101,1531752660,1531760100,1521402458,24.90,8002549,8010101,Hamburg Hbf,Erfurt Hbf,1
8098549,8010101,1531755300,1531761660,1521402458,24.90,8002549,8010101,Hamburg Hbf,Erfurt Hbf,2
8098549,8010101,1531755300,1531761660,1521402458,24.90,8002549,8010101,Hamburg Hbf,Erfurt Hbf,1
8098549,8010101,1531728060,1531735200,1521402458,29.90,8002549,8010101,Hamburg Hbf,Erfurt Hbf,1
8098549,8010101,1531735260,1531742400,1521402458,29.90,8002549,8010101,Hamburg Hbf,Erfurt Hbf,1
8098549,8010101,1531694700,1531699620,1521402458,29.90,8002549,8010101,Hamburg Hbf,Erfurt Hbf,3
8098549,8010101,1531694700,1531699620,1521402458,29.90,8002549,8010101,Hamburg Hbf,Erfurt Hbf,2
8098549,8010101,1531704060,1531713180,1521402458,29.90,8002549,8010101,Hamburg Hbf,Erfurt Hbf,1
8098549,8010101,1531709760,1531717200,1521402458,29.90,8002549,8010101,Hamburg Hbf,Erfurt Hbf,2
8098549,8010101,1531713300,1531720800,1521402458,29.90,8002549,8010101,Hamburg Hbf,Erfurt Hbf,1
8098549,8010101,1531720980,1531728060,1521402458,29.90,8002549,8010101,Hamburg Hbf,Erfurt Hbf,1
8098549,8010101,1531723860,1531731300,1521402458,29.90,8002549,8010101,Hamburg Hbf,Erfurt Hbf,1
8098549,8010101,1531730160,1531736340,1521402458,29.90,8002549,8010101,Hamburg Hbf,Erfurt Hbf,1
8098549,8010101,1531731660,1531738800,1521402458,29.90,8002549,8010101,Hamburg Hbf,Erfurt Hbf,2
8098549,8010101,1531737360,1531751340,1521402458,29.90,8002549,8010101,Hamburg Hbf,Erfurt Hbf,0
8098549,8010101,1531738260,1531745700,1521402458,29.90,8002549,8010101,Hamburg Hbf,Erfurt Hbf,1
8098549,8010101,1531741080,1531754640,1521402458,29.90,8002549,8010101,Hamburg Hbf,Erfurt Hbf,0
8098549,8010101,1531742460,1531749600,1521402458,29.90,8002549,8010101,Hamburg Hbf,Erfurt Hbf,1
8098549,8010101,1531745460,1531752900,1521402458,29.90,8002549,8010101,Hamburg Hbf,Erfurt Hbf,1
8098549,8010101,1531749660,1531756800,1521402458,29.90,8002549,8010101,Hamburg Hbf,Erfurt Hbf,1
8098549,8010101,1531753260,1531760400,1521402458,29.90,8002549,8010101,Hamburg Hbf,Erfurt Hbf,2
8098549,8010101,1531756860,1531764000,1521402458,29.90,8002549,8010101,Hamburg Hbf,Erfurt Hbf,1
8098549,8010101,1531760460,1531767600,1521402458,29.90,8002549,8010101,Hamburg Hbf,Erfurt Hbf,1
8098549,8010101,1531773960,1531777260,1521402458,29.90,8002549,8010101,Hamburg Hbf,Erfurt Hbf,4
8098549,8010101,1531773960,1531777260,1521402458,29.90,8002549,8010101,Hamburg Hbf,Erfurt Hbf,3
8098549,8010101,1531729440,1531737300,1521402458,59.90,8002549,8010101,Hamburg Hbf,Erfurt Hbf,2
8098549,8010101,1531715760,1531729740,1521402458,67.90,8002549,8010101,Hamburg Hbf,Erfurt Hbf,0
8098549,8010101,1531717260,1531724400,1521402458,89.90,8002549,8010101,Hamburg Hbf,Erfurt Hbf,2
8098549,8010101,1531746060,1531753260,1521402458,33.90,8002549,8010101,Hamburg Hbf,Erfurt Hbf,2
8098549,8010101,1531733880,1531747440,1521402458,33.90,8002549,8010101,Hamburg Hbf,Erfurt Hbf,0
8098549,8010101,1531762560,1531776780,1521402458,33.90,8002549,8010101,Hamburg Hbf,Erfurt Hbf,0
8098549,8010101,1531711620,1531725840,1521402458,43.90,8002549,8010101,Hamburg Hbf,Erfurt Hbf,0
8098549,8010101,1531764060,1531777920,1521402458,47.90,8002549,8010101,Hamburg Hbf,Erfurt Hbf,1
8098549,8010101,1531848960,1531863180,1521402463,33.90,8002549,8010101,Hamburg Hbf,Erfurt Hbf,0
8098549,8010101,1531850460,1531864320,1521402463,47.90,8002549,8010101,Hamburg Hbf,Erfurt Hbf,1
8098549,8010101,1531802160,1531816140,1521402463,67.90,8002549,8010101,Hamburg Hbf,Erfurt Hbf,0
8098549,8010101,1531809360,1531823340,1521402463,67.90,8002549,8010101,Hamburg Hbf,Erfurt Hbf,0
8098549,8010101,1531823760,1531837740,1521402463,67.90,8002549,8010101,Hamburg Hbf,Erfurt Hbf,0
8098549,8010101,1531805880,1531812060,1521402463,89.90,8002549,8010101,Hamburg Hbf,Erfurt Hbf,1
8098549,8010101,1531831860,1531839300,1521402463,89.90,8002549,8010101,Hamburg Hbf,Erfurt Hbf,1
8098549,8010101,1531798020,1531812240,1521402463,19.90,8002549,8010101,Hamburg Hbf,Erfurt Hbf,0
8098549,8010101,1531813080,1531826880,1521402463,19.90,8002549,8010101,Hamburg Hbf,Erfurt Hbf,0
8098549,8010101,1531816560,1531822740,1521402463,19.90,8002549,8010101,Hamburg Hbf,Erfurt Hbf,1
8098549,8010101,1531834680,1531848240,1521402463,19.90,8002549,8010101,Hamburg Hbf,Erfurt Hbf,0
8098549,8010101,1531845360,1531859580,1521402463,19.90,8002549,8010101,Hamburg Hbf,Erfurt Hbf,0
8098549,8010101,1531857060,1531864380,1521402463,19.90,8002549,8010101,Hamburg Hbf,Erfurt Hbf,1
8098549,8010101,1531815840,1531823700,1521402463,24.90,8002549,8010101,Hamburg Hbf,Erfurt Hbf,2
8098549,8010101,1531827480,1531841040,1521402463,24.90,8002549,8010101,Hamburg Hbf,Erfurt Hbf,0
8098549,8010101,1531830960,1531844940,1521402463,24.90,8002549,8010101,Hamburg Hbf,Erfurt Hbf,0
8098549,8010101,1531834680,1531840860,1521402463,24.90,8002549,8010101,Hamburg Hbf,Erfurt Hbf,1
8098549,8010101,1531837440,1531845300,1521402463,24.90,8002549,8010101,Hamburg Hbf,Erfurt Hbf,2
8098549,8010101,1531838160,1531852140,1521402463,24.90,8002549,8010101,Hamburg Hbf,Erfurt Hbf,0
8098549,8010101,1531839060,1531846500,1521402463,24.90,8002549,8010101,Hamburg Hbf,Erfurt Hbf,1
8098549,8010101,1531841700,1531848060,1521402463,24.90,8002549,8010101,Hamburg Hbf,Erfurt Hbf,2
8098549,8010101,1531841700,1531848060,1521402463,24.90,8002549,8010101,Hamburg Hbf,Erfurt Hbf,1
8098549,8010101,1531790460,1531799580,1521402463,29.90,8002549,8010101,Hamburg Hbf,Erfurt Hbf,1
8098549,8010101,1531796160,1531803600,1521402463,29.90,8002549,8010101,Hamburg Hbf,Erfurt Hbf,2
8098549,8010101,1531799700,1531807200,1521402463,29.90,8002549,8010101,Hamburg Hbf,Erfurt Hbf,1
8098549,8010101,1531803660,1531810800,1521402463,29.90,8002549,8010101,Hamburg Hbf,Erfurt Hbf,2
8098549,8010101,1531807380,1531814460,1521402463,29.90,8002549,8010101,Hamburg Hbf,Erfurt Hbf,1
8098549,8010101,1531810260,1531817700,1521402463,29.90,8002549,8010101,Hamburg Hbf,Erfurt Hbf,1
8098549,8010101,1531810860,1531818000,1521402463,29.90,8002549,8010101,Hamburg Hbf,Erfurt Hbf,2
8098549,8010101,1531814460,1531821600,1521402463,29.90,8002549,8010101,Hamburg Hbf,Erfurt Hbf,1
8098549,8010101,1531818060,1531825200,1521402463,29.90,8002549,8010101,Hamburg Hbf,Erfurt Hbf,2
8098549,8010101,1531820280,1531833840,1521402463,29.90,8002549,8010101,Hamburg Hbf,Erfurt Hbf,0
8098549,8010101,1531821660,1531828800,1521402463,29.90,8002549,8010101,Hamburg Hbf,Erfurt Hbf,1
8098549,8010101,1531824660,1531832100,1521402463,29.90,8002549,8010101,Hamburg Hbf,Erfurt Hbf,1
8098549,8010101,1531825260,1531832460,1521402463,29.90,8002549,8010101,Hamburg Hbf,Erfurt Hbf,2
8098549,8010101,1531828860,1531836000,1521402463,29.90,8002549,8010101,Hamburg Hbf,Erfurt Hbf,1
8098549,8010101,1531832460,1531839660,1521402463,29.90,8002549,8010101,Hamburg Hbf,Erfurt Hbf,2
8098549,8010101,1531836060,1531843200,1521402463,29.90,8002549,8010101,Hamburg Hbf,Erfurt Hbf,1
8098549,8010101,1531839660,1531846800,1521402463,29.90,8002549,8010101,Hamburg Hbf,Erfurt Hbf,2
8098549,8010101,1531843260,1531850400,1521402463,29.90,8002549,8010101,Hamburg Hbf,Erfurt Hbf,1
8098549,8010101,1531846860,1531854000,1521402463,29.90,8002549,8010101,Hamburg Hbf,Erfurt Hbf,1
8098549,8010101,1531860360,1531863660,1521402463,29.90,8002549,8010101,Hamburg Hbf,Erfurt Hbf,4
8098549,8010101,1531860360,1531863660,1521402463,29.90,8002549,8010101,Hamburg Hbf,Erfurt Hbf,3
8098549,8010101,1531910160,1531924140,1521402468,67.90,8002549,8010101,Hamburg Hbf,Erfurt Hbf,0
8098549,8010101,1531895760,1531909740,1521402468,89.90,8002549,8010101,Hamburg Hbf,Erfurt Hbf,0
8098549,8010101,1531917360,1531931340,1521402468,89.90,8002549,8010101,Hamburg Hbf,Erfurt Hbf,0
8098549,8010101,1531911060,1531918500,1521402468,101.90,8002549,8010101,Hamburg Hbf,Erfurt Hbf,1
8098549,8010101,1531899480,1531913280,1521402468,19.90,8002549,8010101,Hamburg Hbf,Erfurt Hbf,0
8098549,8010101,1531921080,1531934640,1521402468,19.90,8002549,8010101,Hamburg Hbf,Erfurt Hbf,0
8098549,8010101,1531931760,1531945980,1521402468,19.90,8002549,8010101,Hamburg Hbf,Erfurt Hbf,0
8098549,8010101,1531943460,1531950780,1521402468,19.90,8002549,8010101,Hamburg Hbf,Erfurt Hbf,1
8098549,8010101,1531876860,1531885980,1521402468,29.90,8002549,8010101,Hamburg Hbf,Erfurt Hbf,1
8098549,8010101,1531882560,1531890000,1521402468,29.90,8002549,8010101,Hamburg Hbf,Erfurt Hbf,2
8098549,8010101,1531886100,1531893600,1521402468,29.90,8002549,8010101,Hamburg Hbf,Erfurt Hbf,1
8098549,8010101,1531888560,1531902540,1521402468,29.90,8002549,8010101,Hamburg Hbf,Erfurt Hbf,0
8098549,8010101,1531890060,1531897200,1521402468,29.90,8002549,8010101,Hamburg Hbf,Erfurt Hbf,2
8098549,8010101,1531893780,1531900860,1521402468,29.90,8002549,8010101,Hamburg Hbf,Erfurt Hbf,1
8098549,8010101,1531896660,1531904100,1521402468,29.90,8002549,8010101,Hamburg Hbf,Erfurt Hbf,1
8098549,8010101,1531897260,1531904400,1521402468,29.90,8002549,8010101,Hamburg Hbf,Erfurt Hbf,2
8098549,8010101,1531904460,1531911600,1521402468,29.90,8002549,8010101,Hamburg Hbf,Erfurt Hbf,2
8098549,8010101,1531908060,1531915200,1521402468,29.90,8002549,8010101,Hamburg Hbf,Erfurt Hbf,1
8098549,8010101,1531918260,1531925700,1521402468,29.90,8002549,8010101,Hamburg Hbf,Erfurt Hbf,1
8098549,8010101,1531918860,1531926060,1521402468,29.90,8002549,8010101,Hamburg Hbf,Erfurt Hbf,2
8098549,8010101,1531922460,1531929600,1521402468,29.90,8002549,8010101,Hamburg Hbf,Erfurt Hbf,1
8098549,8010101,1531928100,1531934460,1521402468,29.90,8002549,8010101,Hamburg Hbf,Erfurt Hbf,2
8098549,8010101,1531928100,1531934460,1521402468,29.90,8002549,8010101,Hamburg Hbf,Erfurt Hbf,1
8098549,8010101,1531929660,1531936800,1521402468,29.90,8002549,8010101,Hamburg Hbf,Erfurt Hbf,1
8098549,8010101,1531933260,1531940400,1521402468,29.90,8002549,8010101,Hamburg Hbf,Erfurt Hbf,1
8098549,8010101,1531946760,1531950060,1521402468,29.90,8002549,8010101,Hamburg Hbf,Erfurt Hbf,4
8098549,8010101,1531946760,1531950060,1521402468,29.90,8002549,8010101,Hamburg Hbf,Erfurt Hbf,3
8098549,8010101,1531902240,1531910100,1521402468,31.90,8002549,8010101,Hamburg Hbf,Erfurt Hbf,2
8098549,8010101,1531915260,1531922400,1521402468,39.90,8002549,8010101,Hamburg Hbf,Erfurt Hbf,1
8098549,8010101,1531911660,1531918860,1521402468,59.90,8002549,8010101,Hamburg Hbf,Erfurt Hbf,2
8098549,8010101,1531926060,1531933200,1521402468,69.90,8002549,8010101,Hamburg Hbf,Erfurt Hbf,2
8098549,8010101,1531884420,1531898640,1521402468,24.90,8002549,8010101,Hamburg Hbf,Erfurt Hbf,0
8098549,8010101,1531892280,1531898460,1521402468,24.90,8002549,8010101,Hamburg Hbf,Erfurt Hbf,1
8098549,8010101,1531902960,1531909140,1521402468,24.90,8002549,8010101,Hamburg Hbf,Erfurt Hbf,1
8098549,8010101,1531913880,1531927440,1521402468,24.90,8002549,8010101,Hamburg Hbf,Erfurt Hbf,0
8098549,8010101,1531921080,1531927260,1521402468,24.90,8002549,8010101,Hamburg Hbf,Erfurt Hbf,1
8098549,8010101,1531923840,1531931700,1521402468,24.90,8002549,8010101,Hamburg Hbf,Erfurt Hbf,2
8098549,8010101,1531924560,1531938540,1521402468,24.90,8002549,8010101,Hamburg Hbf,Erfurt Hbf,0
8098549,8010101,1531925460,1531932900,1521402468,24.90,8002549,8010101,Hamburg Hbf,Erfurt Hbf,1
8098549,8010101,1531900860,1531908000,1521402468,29.90,8002549,8010101,Hamburg Hbf,Erfurt Hbf,1
8098549,8010101,1531906680,1531920240,1521402468,33.90,8002549,8010101,Hamburg Hbf,Erfurt Hbf,0
8098549,8010101,1531935360,1531949580,1521402468,33.90,8002549,8010101,Hamburg Hbf,Erfurt Hbf,0
8098549,8010101,1531936860,1531950720,1521402468,47.90,8002549,8010101,Hamburg Hbf,Erfurt Hbf,1
8098549,8010101,1531970820,1531985040,1521402472,24.90,8002549,8010101,Hamburg Hbf,Erfurt Hbf,0
8098549,8010101,1532007480,1532021040,1521402472,24.90,8002549,8010101,Hamburg Hbf,Erfurt Hbf,0
8098549,8010101,1531983060,1531990500,1521402472,49.90,8002549,8010101,Hamburg Hbf,Erfurt Hbf,1
8098549,8010101,1531997460,1532004900,1521402472,89.90,8002549,8010101,Hamburg Hbf,Erfurt Hbf,1
8098549,8010101,1532007480,1532013660,1521402472,89.90,8002549,8010101,Hamburg Hbf,Erfurt Hbf,1
8098549,8010101,1531996560,1532010540,1521402472,101.90,8002549,8010101,Hamburg Hbf,Erfurt Hbf,0
8098549,8010101,1532003760,1532017740,1521402472,101.90,8002549,8010101,Hamburg Hbf,Erfurt Hbf,0
8098549,8010101,1532004660,1532012100,1521402472,101.90,8002549,8010101,Hamburg Hbf,Erfurt Hbf,1
8098549,8010101,1532014500,1532020860,1521402472,101.90,8002549,8010101,Hamburg Hbf,Erfurt Hbf,2
8098549,8010101,1532014500,1532020860,1521402472,101.90,8002549,8010101,Hamburg Hbf,Erfurt Hbf,1
8098549,8010101,1531982160,1531996140,1521402472,126.00,8002549,8010101,Hamburg Hbf,Erfurt Hbf,0
8098549,8010101,1531985880,1531999680,1521402472,19.90,8002549,8010101,Hamburg Hbf,Erfurt Hbf,0
8098549,8010101,1532018160,1532032380,1521402472,19.90,8002549,8010101,Hamburg Hbf,Erfurt Hbf,0
8098549,8010101,1532029860,1532037180,1521402472,19.90,8002549,8010101,Hamburg Hbf,Erfurt Hbf,1
8098549,8010101,1531989360,1531995540,1521402472,33.90,8002549,8010101,Hamburg Hbf,Erfurt Hbf,1
8098549,8010101,1531993080,1532006640,1521402472,33.90,8002549,8010101,Hamburg Hbf,Erfurt Hbf,0
8098549,8010101,1532021760,1532035980,1521402472,33.90,8002549,8010101,Hamburg Hbf,Erfurt Hbf,0
8098549,8010101,1532000280,1532013840,1521402472,43.90,8002549,8010101,Hamburg Hbf,Erfurt Hbf,0
8098549,8010101,1532023260,1532037120,1521402472,47.90,8002549,8010101,Hamburg Hbf,Erfurt Hbf,1
8098549,8010101,1531988640,1531996500,1521402472,59.90,8002549,8010101,Hamburg Hbf,Erfurt Hbf,2
8098549,8010101,1532010240,1532018100,1521402472,89.90,8002549,8010101,Hamburg Hbf,Erfurt Hbf,2
8098549,8010101,1531987260,1531994400,1521402472,33.90,8002549,8010101,Hamburg Hbf,Erfurt Hbf,1
8098549,8010101,1531994460,1532001600,1521402472,33.90,8002549,8010101,Hamburg Hbf,Erfurt Hbf,1
8098549,8010101,1531974960,1531988940,1521402472,79.90,8002549,8010101,Hamburg Hbf,Erfurt Hbf,0
8098549,8010101,1531963260,1531972380,1521402472,29.90,8002549,8010101,Hamburg Hbf,Erfurt Hbf,1
8098549,8010101,1531968960,1531976400,1521402472,29.90,8002549,8010101,Hamburg Hbf,Erfurt Hbf,2
8098549,8010101,1531972500,1531980000,1521402472,29.90,8002549,8010101,Hamburg Hbf,Erfurt Hbf,1
8098549,8010101,1531976460,1531983600,1521402472,29.90,8002549,8010101,Hamburg Hbf,Erfurt Hbf,2
8098549,8010101,1531980180,1531987260,1521402472,29.90,8002549,8010101,Hamburg Hbf,Erfurt Hbf,1
8098549,8010101,1531983660,1531990800,1521402472,29.90,8002549,8010101,Hamburg Hbf,Erfurt Hbf,2
8098549,8010101,1531990860,1531998000,1521402472,29.90,8002549,8010101,Hamburg Hbf,Erfurt Hbf,2
8098549,8010101,1531998060,1532005260,1521402472,29.90,8002549,8010101,Hamburg Hbf,Erfurt Hbf,2
8098549,8010101,1532001660,1532008800,1521402472,29.90,8002549,8010101,Hamburg Hbf,Erfurt Hbf,1
8098549,8010101,1532005260,1532012460,1521402472,29.90,8002549,8010101,Hamburg Hbf,Erfurt Hbf,2
8098549,8010101,1532008860,1532016000,1521402472,29.90,8002549,8010101,Hamburg Hbf,Erfurt Hbf,1
8098549,8010101,1532010960,1532024940,1521402472,29.90,8002549,8010101,Hamburg Hbf,Erfurt Hbf,0
8098549,8010101,1532011860,1532019300,1521402472,29.90,8002549,8010101,Hamburg Hbf,Erfurt Hbf,1
8098549,8010101,1532012460,1532019600,1521402472,29.90,8002549,8010101,Hamburg Hbf,Erfurt Hbf,2
8098549,8010101,1532016060,1532023200,1521402472,29.90,8002549,8010101,Hamburg Hbf,Erfurt Hbf,1
8098549,8010101,1532019660,1532026800,1521402472,29.90,8002549,8010101,Hamburg Hbf,Erfurt Hbf,1
8098549,8010101,1532033160,1532036460,1521402472,29.90,8002549,8010101,Hamburg Hbf,Erfurt Hbf,4
8098549,8010101,1532033160,1532036460,1521402472,29.90,8002549,8010101,Hamburg Hbf,Erfurt Hbf,3
8098549,8010101,1531978680,1531984860,1521402472,67.90,8002549,8010101,Hamburg Hbf,Erfurt Hbf,1
8098549,8010101,1532098860,1532106000,1521402483,77.90,8002549,8010101,Hamburg Hbf,Erfurt Hbf,2
8098549,8010101,1532091060,1532098500,1521402483,79.90,8002549,8010101,Hamburg Hbf,Erfurt Hbf,1
8098549,8010101,1532097360,1532111340,1521402483,79.90,8002549,8010101,Hamburg Hbf,Erfurt Hbf,0
8098549,8010101,1532098260,1532105700,1521402483,79.90,8002549,8010101,Hamburg Hbf,Erfurt Hbf,1
8098549,8010101,1532100900,1532107260,1521402483,89.90,8002549,8010101,Hamburg Hbf,Erfurt Hbf,2
8098549,8010101,1532100900,1532107260,1521402483,89.90,8002549,8010101,Hamburg Hbf,Erfurt Hbf,1
8098549,8010101,1532084460,1532091660,1521402483,96.50,8002549,8010101,Hamburg Hbf,Erfurt Hbf,2
8098549,8010101,1532091660,1532098860,1521402483,96.50,8002549,8010101,Hamburg Hbf,Erfurt Hbf,2
8098549,8010101,1532061360,1532075340,1521402483,43.90,8002549,8010101,Hamburg Hbf,Erfurt Hbf,0
8098549,8010101,1532075040,1532082900,1521402483,43.90,8002549,8010101,Hamburg Hbf,Erfurt Hbf,2
8098549,8010101,1532079480,1532093040,1521402483,43.90,8002549,8010101,Hamburg Hbf,Erfurt Hbf,0
8098549,8010101,1532096640,1532104500,1521402483,59.90,8002549,8010101,Hamburg Hbf,Erfurt Hbf,2
8098549,8010101,1532068560,1532082540,1521402483,129.50,8002549,8010101,Hamburg Hbf,Erfurt Hbf,0
8098549,8010101,1532082960,1532096940,1521402483,129.50,8002549,8010101,Hamburg Hbf,Erfurt Hbf,0
8098549,8010101,1532057220,1532071440,1521402483,24.90,8002549,8010101,Hamburg Hbf,Erfurt Hbf,0
8098549,8010101,1532106060,1532113200,1521402483,39.90,8002549,8010101,Hamburg Hbf,Erfurt Hbf,1
8098549,8010101,1532095260,1532102400,1521402483,49.90,8002549,8010101,Hamburg Hbf,Erfurt Hbf,1
8098549,8010101,1532073660,1532080800,1521402483,29.90,8002549,8010101,Hamburg Hbf,Erfurt Hbf,1
8098549,8010101,1532049660,1532058780,1521402483,29.90,8002549,8010101,Hamburg Hbf,Erfurt Hbf,1
8098549,8010101,1532055360,1532062800,1521402483,29.90,8002549,8010101,Hamburg Hbf,Erfurt Hbf,2
8098549,8010101,1532058900,1532066400,1521402483,29.90,8002549,8010101,Hamburg Hbf,Erfurt Hbf,1
8098549,8010101,1532062860,1532070000,1521402483,29.90,8002549,8010101,Hamburg Hbf,Erfurt Hbf,2
8098549,8010101,1532066580,1532073660,1521402483,29.90,8002549,8010101,Hamburg Hbf,Erfurt Hbf,1
8098549,8010101,1532070060,1532077200,1521402483,29.90,8002549,8010101,Hamburg Hbf,Erfurt Hbf,2
8098549,8010101,1532080860,1532088000,1521402483,29.90,8002549,8010101,Hamburg Hbf,Erfurt Hbf,1
8098549,8010101,1532088060,1532095200,1521402483,29.90,8002549,8010101,Hamburg Hbf,Erfurt Hbf,1
8098549,8010101,1532102460,1532109600,1521402483,29.90,8002549,8010101,Hamburg Hbf,Erfurt Hbf,1
8098549,8010101,1532104560,1532118780,1521402483,29.90,8002549,8010101,Hamburg Hbf,Erfurt Hbf,0
8098549,8010101,1532116260,1532123580,1521402483,29.90,8002549,8010101,Hamburg Hbf,Erfurt Hbf,2
8098549,8010101,1532069460,1532076900,1521402483,49.90,8002549,8010101,Hamburg Hbf,Erfurt Hbf,1
8098549,8010101,1532086680,1532100240,1521402483,49.90,8002549,8010101,Hamburg Hbf,Erfurt Hbf,0
8098549,8010101,1532077260,1532084400,1521402483,59.90,8002549,8010101,Hamburg Hbf,Erfurt Hbf,2
8098549,8010101,1532090160,1532104140,1521402483,101.90,8002549,8010101,Hamburg Hbf,Erfurt Hbf,0
8098549,8010101,1532093880,1532107440,1521402483,101.90,8002549,8010101,Hamburg Hbf,Erfurt Hbf,0
8098549,8010101,1532093880,1532100060,1521402483,101.90,8002549,8010101,Hamburg Hbf,Erfurt Hbf,1
8098549,8010101,1532083860,1532091300,1521402483,119.90,8002549,8010101,Hamburg Hbf,Erfurt Hbf,1
8098549,8010101,1532065080,1532071260,1521402483,33.90,8002549,8010101,Hamburg Hbf,Erfurt Hbf,1
8098549,8010101,1532072280,1532086080,1521402483,33.90,8002549,8010101,Hamburg Hbf,Erfurt Hbf,0
8098549,8010101,1532075760,1532081940,1521402483,33.90,8002549,8010101,Hamburg Hbf,Erfurt Hbf,1
8098549,8010101,1532108160,1532122380,1521402483,33.90,8002549,8010101,Hamburg Hbf,Erfurt Hbf,0
8098549,8010101,1532119860,1532127060,1521402483,33.90,8002549,8010101,Hamburg Hbf,Erfurt Hbf,1
8098549,8010101,1532109660,1532123520,1521402483,37.90,8002549,8010101,Hamburg Hbf,Erfurt Hbf,1
8098549,8010101,1532151480,1532165040,1521402486,49.90,8002549,8010101,Hamburg Hbf,Erfurt Hbf,0
8098549,8010101,1532194560,1532208780,1521402486,49.90,8002549,8010101,Hamburg Hbf,Erfurt Hbf,0
8098549,8010101,1532163660,1532170800,1521402486,59.90,8002549,8010101,Hamburg Hbf,Erfurt Hbf,2
8098549,8010101,1532141760,1532152440,1521402486,31.90,8002549,8010101,Hamburg Hbf,Erfurt Hbf,1
8098549,8010101,1532156460,1532163600,1521402486,33.90,8002549,8010101,Hamburg Hbf,Erfurt Hbf,2
8098549,8010101,1532160060,1532167200,1521402486,33.90,8002549,8010101,Hamburg Hbf,Erfurt Hbf,1
8098549,8010101,1532174460,1532181600,1521402486,33.90,8002549,8010101,Hamburg Hbf,Erfurt Hbf,1
8098549,8010101,1532178060,1532185260,1521402486,33.90,8002549,8010101,Hamburg Hbf,Erfurt Hbf,2
8098549,8010101,1532192460,1532199600,1521402486,33.90,8002549,8010101,Hamburg Hbf,Erfurt Hbf,1
8098549,8010101,1532196060,1532210880,1521402486,37.90,8002549,8010101,Hamburg Hbf,Erfurt Hbf,1
8098549,8010101,1532205960,1532209260,1521402486,37.90,8002549,8010101,Hamburg Hbf,Erfurt Hbf,3
8098549,8010101,1532173080,1532186640,1521402486,43.90,8002549,8010101,Hamburg Hbf,Erfurt Hbf,0
8098549,8010101,1532177460,1532184900,1521402486,43.90,8002549,8010101,Hamburg Hbf,Erfurt Hbf,1
8098549,8010101,1532154960,1532168940,1521402486,89.90,8002549,8010101,Hamburg Hbf,Erfurt Hbf,0
8098549,8010101,1532183760,1532197740,1521402486,89.90,8002549,8010101,Hamburg Hbf,Erfurt Hbf,0
8098549,8010101,1532176560,1532182740,1521402486,122.50,8002549,8010101,Hamburg Hbf,Erfurt Hbf,1
8098549,8010101,1532155860,1532163300,1521402486,33.90,8002549,8010101,Hamburg Hbf,Erfurt Hbf,1
8098549,8010101,1532158680,1532172480,1521402486,33.90,8002549,8010101,Hamburg Hbf,Erfurt Hbf,0
8098549,8010101,1532162160,1532168340,1521402486,33.90,8002549,8010101,Hamburg Hbf,Erfurt Hbf,1
8098549,8010101,1532165880,1532179440,1521402486,33.90,8002549,8010101,Hamburg Hbf,Erfurt Hbf,0
8098549,8010101,1532180280,1532193840,1521402486,33.90,8002549,8010101,Hamburg Hbf,Erfurt Hbf,0
8098549,8010101,1532180280,1532186460,1521402486,33.90,8002549,8010101,Hamburg Hbf,Erfurt Hbf,1
8098549,8010101,1532184660,1532192100,1521402486,33.90,8002549,8010101,Hamburg Hbf,Erfurt Hbf,1
8098549,8010101,1532187300,1532193660,1521402486,33.90,8002549,8010101,Hamburg Hbf,Erfurt Hbf,2
8098549,8010101,1532187300,1532193660,1521402486,33.90,8002549,8010101,Hamburg Hbf,Erfurt Hbf,1
8098549,8010101,1532202660,1532209980,1521402486,33.90,8002549,8010101,Hamburg Hbf,Erfurt Hbf,2
8098549,8010101,1532202660,1532209980,1521402486,33.90,8002549,8010101,Hamburg Hbf,Erfurt Hbf,1
8098549,8010101,1532149260,1532156400,1521402486,43.90,8002549,8010101,Hamburg Hbf,Erfurt Hbf,2
8098549,8010101,1532167260,1532174400,1521402486,43.90,8002549,8010101,Hamburg Hbf,Erfurt Hbf,1
8098549,8010101,1532170860,1532178060,1521402486,49.90,8002549,8010101,Hamburg Hbf,Erfurt Hbf,2
8098549,8010101,1532161440,1532169300,1521402486,53.90,8002549,8010101,Hamburg Hbf,Erfurt Hbf,2
8098549,8010101,1532147760,1532161740,1521402486,67.90,8002549,8010101,Hamburg Hbf,Erfurt Hbf,0
8098549,8010101,1532148480,1532156100,1521402486,67.90,8002549,8010101,Hamburg Hbf,Erfurt Hbf,1
8098549,8010101,1532169360,1532183340,1521402486,67.90,8002549,8010101,Hamburg Hbf,Erfurt Hbf,0
8098549,8010101,1532141760,1532146800,1521402486,29.90,8002549,8010101,Hamburg Hbf,Erfurt Hbf,2
8098549,8010101,1532145300,1532152800,1521402486,29.90,8002549,8010101,Hamburg Hbf,Erfurt Hbf,1
8098549,8010101,1532152980,1532160060,1521402486,29.90,8002549,8010101,Hamburg Hbf,Erfurt Hbf,1
8098549,8010101,1532181660,1532188800,1521402486,29.90,8002549,8010101,Hamburg Hbf,Erfurt Hbf,1
8098549,8010101,1532185260,1532192400,1521402486,29.90,8002549,8010101,Hamburg Hbf,Erfurt Hbf,2
8098549,8010101,1532188860,1532196000,1521402486,29.90,8002549,8010101,Hamburg Hbf,Erfurt Hbf,1
8098549,8010101,1532205960,1532209260,1521402486,29.90,8002549,8010101,Hamburg Hbf,Erfurt Hbf,5
8098549,8010101,1532205960,1532209260,1521402486,29.90,8002549,8010101,Hamburg Hbf,Erfurt Hbf,4
8098549,8010101,1532247840,1532255700,1521402490,79.90,8002549,8010101,Hamburg Hbf,Erfurt Hbf,2
8098549,8010101,1532256660,1532264100,1521402490,79.90,8002549,8010101,Hamburg Hbf,Erfurt Hbf,1
8098549,8010101,1532263860,1532271300,1521402490,79.90,8002549,8010101,Hamburg Hbf,Erfurt Hbf,1
8098549,8010101,1532257260,1532264460,1521402490,77.90,8002549,8010101,Hamburg Hbf,Erfurt Hbf,2
8098549,8010101,1532260860,1532268000,1521402490,77.90,8002549,8010101,Hamburg Hbf,Erfurt Hbf,1
8098549,8010101,1532268060,1532275200,1521402490,77.90,8002549,8010101,Hamburg Hbf,Erfurt Hbf,1
8098549,8010101,1532241360,1532255340,1521402490,89.90,8002549,8010101,Hamburg Hbf,Erfurt Hbf,0
8098549,8010101,1532237880,1532251440,1521402490,24.90,8002549,8010101,Hamburg Hbf,Erfurt Hbf,0
8098549,8010101,1532248560,1532254740,1521402490,49.90,8002549,8010101,Hamburg Hbf,Erfurt Hbf,1
8098549,8010101,1532271060,1532278500,1521402490,33.90,8002549,8010101,Hamburg Hbf,Erfurt Hbf,1
8098549,8010101,1532273700,1532280060,1521402490,33.90,8002549,8010101,Hamburg Hbf,Erfurt Hbf,2
8098549,8010101,1532273700,1532280060,1521402490,33.90,8002549,8010101,Hamburg Hbf,Erfurt Hbf,1
8098549,8010101,1532250060,1532257200,1521402490,59.90,8002549,8010101,Hamburg Hbf,Erfurt Hbf,2
8098549,8010101,1532271660,1532278800,1521402490,59.90,8002549,8010101,Hamburg Hbf,Erfurt Hbf,2
8098549,8010101,1532259480,1532273040,1521402490,67.90,8002549,8010101,Hamburg Hbf,Erfurt Hbf,0
8098549,8010101,1532266680,1532272860,1521402490,67.90,8002549,8010101,Hamburg Hbf,Erfurt Hbf,1
8098549,8010101,1532270160,1532284140,1521402490,67.90,8002549,8010101,Hamburg Hbf,Erfurt Hbf,0
8098549,8010101,1532228160,1532238840,1521402490,19.90,8002549,8010101,Hamburg Hbf,Erfurt Hbf,1
8098549,8010101,1532277360,1532291580,1521402490,19.90,8002549,8010101,Hamburg Hbf,Erfurt Hbf,0
8098549,8010101,1532289060,1532296380,1521402490,19.90,8002549,8010101,Hamburg Hbf,Erfurt Hbf,1
8098549,8010101,1532292660,1532299860,1521402490,19.90,8002549,8010101,Hamburg Hbf,Erfurt Hbf,1
8098549,8010101,1532246460,1532253600,1521402490,29.90,8002549,8010101,Hamburg Hbf,Erfurt Hbf,1
8098549,8010101,1532253660,1532260800,1521402490,29.90,8002549,8010101,Hamburg Hbf,Erfurt Hbf,1
8098549,8010101,1532275260,1532282400,1521402490,29.90,8002549,8010101,Hamburg Hbf,Erfurt Hbf,1
8098549,8010101,1532234880,1532242500,1521402490,29.90,8002549,8010101,Hamburg Hbf,Erfurt Hbf,1
8098549,8010101,1532235660,1532242800,1521402490,29.90,8002549,8010101,Hamburg Hbf,Erfurt Hbf,2
8098549,8010101,1532239380,1532246460,1521402490,29.90,8002549,8010101,Hamburg Hbf,Erfurt Hbf,1
8098549,8010101,1532242260,1532249700,1521402490,29.90,8002549,8010101,Hamburg Hbf,Erfurt Hbf,1
8098549,8010101,1532242860,1532250000,1521402490,29.90,8002549,8010101,Hamburg Hbf,Erfurt Hbf,2
8098549,8010101,1532245080,1532258880,1521402490,29.90,8002549,8010101,Hamburg Hbf,Erfurt Hbf,0
8098549,8010101,1532280960,1532295180,1521402490,29.90,8002549,8010101,Hamburg Hbf,Erfurt Hbf,0
8098549,8010101,1532278860,1532286000,1521402490,49.90,8002549,8010101,Hamburg Hbf,Erfurt Hbf,1
8098549,8010101,1532252280,1532265840,1521402490,59.90,8002549,8010101,Hamburg Hbf,Erfurt Hbf,0
8098549,8010101,1532266680,1532280240,1521402490,59.90,8002549,8010101,Hamburg Hbf,Erfurt Hbf,0
8098549,8010101,1532264460,1532271660,1521402490,89.90,8002549,8010101,Hamburg Hbf,Erfurt Hbf,2
8098549,8010101,1532255760,1532269740,1521402490,101.90,8002549,8010101,Hamburg Hbf,Erfurt Hbf,0
8098549,8010101,1532262960,1532276940,1521402490,101.90,8002549,8010101,Hamburg Hbf,Erfurt Hbf,0
8098549,8010101,1532269440,1532277300,1521402490,115.90,8002549,8010101,Hamburg Hbf,Erfurt Hbf,2
